seg_id,env,source_file,gesture_name,label,duration_ms,npy_path,MAV_CH1,MAV_CH3,MAV_CH5,WL_CH1,WL_CH3,WL_CH5,Ratio_CH1,Ratio_CH3,Ratio_CH5
base_1-1_seg000,base,1-1.csv,1,0,569.0,processed/segments/base/1-1_seg000.npy,0.01953698940327227,0.007890579478034579,0.020320491973093577,17.00610598260716,7.716962070727747,18.21146822533376,0.4355037154299944,0.15568484019870346,0.4088114443713022
base_1-1_seg001,base,1-1.csv,1,0,223.0,processed/segments/base/1-1_seg001.npy,0.029772567430305607,0.011016711285168823,0.024709424026127597,24.935889700883305,11.208410337181178,23.40966942271924,0.4898972435996087,0.15338180604033982,0.3567209503600514
base_1-1_seg002,base,1-1.csv,1,0,496.0,processed/segments/base/1-1_seg002.npy,0.019931891731201565,0.011912850343664176,0.02270007803166261,17.884465824452512,10.095905126654696,20.08388115551374,0.40459585856810876,0.19662621252991624,0.39877792890197494
base_1-1_seg003,base,1-1.csv,1,0,752.0,processed/segments/base/1-1_seg003.npy,0.008139298344373698,0.006387733725352058,0.006974030034420939,7.33719182609605,4.988480514287418,6.0972448190106,0.4217912341288114,0.27617348115525975,0.30203528471592883
base_1-1_seg004,base,1-1.csv,1,0,513.0,processed/segments/base/1-1_seg004.npy,0.022498535884711617,0.012209382608939577,0.025084518471932094,21.17234950402884,11.073600014195572,23.10777411014671,0.40686703183748024,0.1944203454183221,0.3987126227441977
base_1-1_seg005,base,1-1.csv,1,0,760.0,processed/segments/base/1-1_seg005.npy,0.02356770726481762,0.01375477103215603,0.02804894096255023,21.62384436788654,11.705876243602399,25.8556693395971,0.37565738330833087,0.19448191348717525,0.4298607032044938
base_1-1_seg006,base,1-1.csv,1,0,388.0,processed/segments/base/1-1_seg006.npy,0.031043542987676635,0.014643044070847957,0.030621362496980525,26.17968209925227,12.8179166923921,28.464109393374677,0.43331395186204696,0.18142814945181696,0.3852578986861362
base_1-1_seg007,base,1-1.csv,1,0,554.0,processed/segments/base/1-1_seg007.npy,0.00982196213849827,0.008113627348961138,0.008294669226963211,8.834560087825508,6.321290655944887,7.253058743368113,0.43982504058231287,0.2765840625449013,0.2835908968727859
base_1-1_seg008,base,1-1.csv,1,0,506.0,processed/segments/base/1-1_seg008.npy,0.019035498877865147,0.012059049800560367,0.026320194963479527,16.50151309060477,11.453708065123356,22.351509439652343,0.3398509708790198,0.1874680363807482,0.472680992740232
base_1-1_seg009,base,1-1.csv,1,0,11.0,processed/segments/base/1-1_seg009.npy,0.006284189996617226,0.005882724712471767,0.006305034477464649,4.038235386696214,6.273730192954257,5.60585373929535,0.3727155929992391,0.28940984949902404,0.33787455750173684
base_1-1_seg010,base,1-1.csv,1,0,680.0,processed/segments/base/1-1_seg010.npy,0.025492753435364716,0.013931917706248478,0.03141270504143041,23.218569701641368,11.420727120563557,29.124383622181742,0.3582550742746379,0.1911680367545215,0.4505768889708406
base_1-1_seg011,base,1-1.csv,1,0,302.0,processed/segments/base/1-1_seg011.npy,0.010670869313048812,0.005992793959568624,0.006728082044069777,10.19659337676894,5.59997203356594,6.6306830905336085,0.5070890977420244,0.23306662345751541,0.2598442788004601
base_1-1_seg012,base,1-1.csv,1,0,959.0,processed/segments/base/1-1_seg012.npy,0.019425083374031583,0.011055383226559884,0.020247784430085562,18.214082384082634,10.009047854015035,19.217454894444575,0.3978008076881818,0.19548705135348593,0.40671214095833225
base_1-1_seg013,base,1-1.csv,1,0,800.0,processed/segments/base/1-1_seg013.npy,0.010070161893075516,0.006888339381361974,0.007793194847142295,8.952605044813936,5.482166792831249,6.82528384867578,0.4614857179543434,0.2499982936791647,0.2885159883664918
base_1-1_seg014,base,1-1.csv,1,0,763.0,processed/segments/base/1-1_seg014.npy,0.022071308822925104,0.010482240457184816,0.0177726050714234,18.873866677126244,9.337949020593015,16.290724932742574,0.48273256551237653,0.18043123569592756,0.33683619879169585
base_1-1_seg015,base,1-1.csv,1,0,207.0,processed/segments/base/1-1_seg015.npy,0.0126085062070075,0.006381937263716433,0.007610536960417391,11.409048610913974,5.489267269748436,6.652401741368273,0.5371729420141521,0.21292876172465977,0.24989829626118815
base_1-1_seg016,base,1-1.csv,1,0,260.0,processed/segments/base/1-1_seg016.npy,0.02359569501350388,0.014625160806906087,0.02992536557780732,20.458591095839903,13.754309964956446,27.800984513715818,0.3719696524405219,0.19968407141099007,0.4283462761484881
base_1-1_seg017,base,1-1.csv,1,0,329.0,processed/segments/base/1-1_seg017.npy,0.027525144800007943,0.010671234107440064,0.024561710752529137,24.679330387890197,10.868726055078447,24.714423470885194,0.46018149924084956,0.166058823344729,0.3737596774144214
base_1-1_seg018,base,1-1.csv,1,0,725.0,processed/segments/base/1-1_seg018.npy,0.026978277195838417,0.009755483829901804,0.021968016082381563,24.03357664054903,8.77591722154686,20.472455418695596,0.5077195650560212,0.14220283334133282,0.35007760160264595
base_1-1_seg019,base,1-1.csv,1,0,756.0,processed/segments/base/1-1_seg019.npy,0.020916253623902547,0.008341614707180414,0.018648732215436503,19.731436406827978,7.789556598381636,17.844816903481835,0.4683391227388828,0.15973742300203825,0.371923454259079
base_1-1_seg020,base,1-1.csv,1,0,395.0,processed/segments/base/1-1_seg020.npy,0.026477230514180015,0.013250785289385813,0.024468276136138375,24.487281751256035,11.230917875235884,23.886837106797344,0.41986596855481223,0.19532490121859805,0.3848091302265897
base_1-1_seg021,base,1-1.csv,1,0,378.0,processed/segments/base/1-1_seg021.npy,0.026898765271676894,0.01227595755158923,0.027236899002656776,24.112459321313462,10.37864567148722,23.64071005950392,0.4432121355530451,0.1757054733060473,0.3810823911409076
base_1-1_seg022,base,1-1.csv,1,0,862.0,processed/segments/base/1-1_seg022.npy,0.024633549749945527,0.009881194329367592,0.025485227169079486,21.486833618310968,8.743969705937415,22.402635451406784,0.4326457154485329,0.14405208066915431,0.4233022038823128
base_1-1_seg023,base,1-1.csv,1,0,291.0,processed/segments/base/1-1_seg023.npy,0.04032267168065998,0.01584824964708271,0.03750580979492112,37.36907339049817,13.580582676626447,35.427583677709116,0.4653937397485788,0.15589184263383096,0.3787144176175902
base_1-2_seg000,base,1-2.csv,1,0,885.0,processed/segments/base/1-2_seg000.npy,0.017418287119840205,0.007855887824745441,0.03297147474995908,13.404521210358437,6.848031392634822,28.335232215666817,0.2664499811838581,0.12784990384819148,0.6057001149679504
base_1-2_seg001,base,1-2.csv,1,0,68.0,processed/segments/base/1-2_seg001.npy,0.01596114211630969,0.006404393442507002,0.013508088435554965,11.376696162656778,5.326363998770553,9.883925743255826,0.43184356439320837,0.18900987862347643,0.3791465569833152
base_1-2_seg002,base,1-2.csv,1,0,572.0,processed/segments/base/1-2_seg002.npy,0.018394008277858854,0.007975059588417863,0.02646742378086221,13.510380223157107,6.303533063225224,22.976876881330647,0.31604878858810903,0.14636685094771715,0.5375843604641738
base_1-2_seg003,base,1-2.csv,1,0,1119.0,processed/segments/base/1-2_seg003.npy,0.016693819869868502,0.00789298863796521,0.02919977880182947,12.71465680778727,6.826865296202042,24.18519938050668,0.2762956718158887,0.13903459238477212,0.5846697357993392
base_1-2_seg004,base,1-2.csv,1,0,723.0,processed/segments/base/1-2_seg004.npy,0.016557723601377278,0.006041566109289605,0.01219742199665014,12.141883852665584,4.68395548877102,8.427490211206822,0.48199425656191236,0.17661390388808756,0.34139183955000013
base_1-2_seg005,base,1-2.csv,1,0,735.0,processed/segments/base/1-2_seg005.npy,0.015109099013381574,0.005533775117397549,0.011028004979916782,10.887613594094935,4.152147100935994,7.438880708877946,0.4822156165567621,0.1777692361423033,0.3400151473009347
base_1-2_seg006,base,1-2.csv,1,0,537.0,processed/segments/base/1-2_seg006.npy,0.011438205934921434,0.003923947093508026,0.010858262292588312,7.782938815371935,4.118149474869911,8.024767943712572,0.427393838125052,0.16339326684324895,0.40921289503169905
base_1-2_seg007,base,1-2.csv,1,0,1555.0,processed/segments/base/1-2_seg007.npy,0.027154521466400804,0.008299923256945174,0.018074128715874133,19.798558377852704,7.003263105392667,17.008905756695658,0.4359404207642835,0.14341242948661237,0.42064714974910417
base_1-2_seg008,base,1-2.csv,1,0,1032.0,processed/segments/base/1-2_seg008.npy,0.027020312275866036,0.00798735670176915,0.02245608626843911,19.630792077469977,6.998762282849189,20.9678178591192,0.41427499652903826,0.12884100913183508,0.45688399433912674
base_1-2_seg009,base,1-2.csv,1,0,729.0,processed/segments/base/1-2_seg009.npy,0.021454781473945247,0.006220819915195209,0.0047910060219356005,15.443812444837269,5.0728975192410655,4.6442202221675215,0.6488645363916875,0.19519374512808893,0.15594171848022356
base_1-2_seg010,base,1-2.csv,1,0,531.0,processed/segments/base/1-2_seg010.npy,0.02144920170712564,0.006654638042013495,0.005462812828690094,15.199741160668072,5.282578963764349,5.609709599969052,0.627028118546216,0.2028357037910412,0.17013617766274272
base_1-2_seg011,base,1-2.csv,1,0,1217.0,processed/segments/base/1-2_seg011.npy,0.025820774014724657,0.009339882981496494,0.036776892168531465,19.287280330124332,8.026250215893851,32.83360715667273,0.3015300137716525,0.11670901983636131,0.5817609663919862
base_1-2_seg012,base,1-2.csv,1,0,318.0,processed/segments/base/1-2_seg012.npy,0.023716173247001853,0.006515608905485415,0.006885270146339896,17.391373781360887,5.164755799031228,6.259788875995681,0.6187586481747007,0.1765301350338037,0.2047112167914955
base_2-1_seg000,base,2-1.csv,2,1,685.0,processed/segments/base/2-1_seg000.npy,0.031135018737822925,0.024586826304793717,0.07779695831640697,26.67284824768279,19.59657621397604,71.64985791677755,0.24695797319919888,0.17094538002354914,0.5820966467772519
base_2-1_seg001,base,2-1.csv,2,1,903.0,processed/segments/base/2-1_seg001.npy,0.025394202634958028,0.026007953894543932,0.07866380635543536,25.101663224717893,19.378050767660476,75.56476431016665,0.20850602907506932,0.1829507875510355,0.6085431833738952
base_2-1_seg002,base,2-1.csv,2,1,696.0,processed/segments/base/2-1_seg002.npy,0.028344915876768514,0.023971898944764838,0.08399095409220052,28.533705934956146,19.119860297577134,80.34361249985751,0.2179135159742576,0.16836447605582297,0.6137220079699194
base_2-1_seg003,base,2-1.csv,2,1,1033.0,processed/segments/base/2-1_seg003.npy,0.02569888734433576,0.01823908189375964,0.05968542854611511,27.564194473987673,14.841759863433838,55.2194409764897,0.2524987545328159,0.157727892638255,0.5897733528289292
base_2-1_seg004,base,2-1.csv,2,1,866.0,processed/segments/base/2-1_seg004.npy,0.031601427777353884,0.027407277093843517,0.08294499632573171,31.926202551711683,21.26454977267198,77.76140634872985,0.23573176840506982,0.17946904443662534,0.5847991871583049
base_2-1_seg005,base,2-1.csv,2,1,851.0,processed/segments/base/2-1_seg005.npy,0.033151598340830105,0.025973750294412935,0.08038454855647109,35.561894342915274,19.359948443552746,77.32966978686181,0.24356979295587572,0.17501550322833304,0.5814147038157913
base_2-1_seg006,base,2-1.csv,2,1,1505.0,processed/segments/base/2-1_seg006.npy,0.022463571461778346,0.01483812164902591,0.0419424282076288,22.462047500746078,11.585970491740955,43.23808782036708,0.2859451957973944,0.16843812808134645,0.545616676121259
base_2-1_seg007,base,2-1.csv,2,1,1481.0,processed/segments/base/2-1_seg007.npy,0.02671409622984491,0.01717892725603765,0.04824314679532034,28.197817996534393,12.518374545305969,46.38276415677623,0.2910585298984206,0.16916425912217734,0.5397772109794021
base_2-1_seg008,base,2-1.csv,2,1,1568.0,processed/segments/base/2-1_seg008.npy,0.018414946201120778,0.01507805184292447,0.04381183547170287,18.986828194940223,10.795930410541079,41.30721602792651,0.25669046214899527,0.1751907165731662,0.5681188212778385
base_2-1_seg009,base,2-1.csv,2,1,802.0,processed/segments/base/2-1_seg009.npy,0.007893445960086933,0.006895455566549885,0.00911890303686528,7.900304075533324,5.479419292789758,7.610559384093524,0.387555968123212,0.2608597572712706,0.3515842746055174
base_2-1_seg010,base,2-1.csv,2,1,1530.0,processed/segments/base/2-1_seg010.npy,0.01796915873975387,0.01586920198983974,0.044111609858100566,18.503801832017647,12.583326543664782,41.68542313865396,0.22320909385325377,0.1734147281414449,0.6033761780053013
base_2-1_seg011,base,2-1.csv,2,1,506.0,processed/segments/base/2-1_seg011.npy,0.007596400133051978,0.0061857479030127385,0.006997418645269787,7.354618037499588,4.069337631945248,5.730204395971049,0.4147397935204428,0.27776732149803074,0.30749288498152644
base_2-1_seg012,base,2-1.csv,2,1,750.0,processed/segments/base/2-1_seg012.npy,0.03232836336581567,0.02445779796041963,0.07895143111856999,34.63605617568613,19.401227114630213,76.67530335796967,0.2519239295415298,0.1666813126862202,0.58139475777225
base_2-1_seg013,base,2-1.csv,2,1,937.0,processed/segments/base/2-1_seg013.npy,0.027602713432962597,0.0199716352389361,0.06556354736428541,29.21652779946942,15.957714391653687,63.900881365045926,0.25223846641505765,0.16040170009205584,0.5873598334928866
base_2-1_seg014,base,2-1.csv,2,1,852.0,processed/segments/base/2-1_seg014.npy,0.029506441604312972,0.024056258191115926,0.07991927869878424,32.06129725338017,18.62399257742102,74.33176242961868,0.22038430420288177,0.16568191148179207,0.6139337843153261
base_2-1_seg015,base,2-1.csv,2,1,673.0,processed/segments/base/2-1_seg015.npy,0.03378286756271498,0.025456003083055262,0.07806297608272415,38.62798123381373,20.3514799548606,79.36946011348968,0.2551365203355041,0.16975448690030795,0.5751089927641879
base_2-2_seg000,base,2-2.csv,2,1,859.0,processed/segments/base/2-2_seg000.npy,0.02495213289974915,0.018603972699645904,0.0888225230288534,19.24107789087502,14.637035891003018,78.07460915027387,0.1788700215562596,0.1315598907113447,0.6895700877323958
base_2-2_seg001,base,2-2.csv,2,1,988.0,processed/segments/base/2-2_seg001.npy,0.028803144153291323,0.01668162390255963,0.07453294015276064,21.560917119188357,14.479320321217843,63.76814320700179,0.2131417094961511,0.13064287613345832,0.6562154143703905
base_2-2_seg002,base,2-2.csv,2,1,788.0,processed/segments/base/2-2_seg002.npy,0.03304601699983903,0.02239879667091096,0.09507583678682416,24.916875209701026,18.59780202954201,86.9991963996213,0.20739435292581604,0.14349497516511897,0.6491106719090649
base_2-2_seg003,base,2-2.csv,2,1,847.0,processed/segments/base/2-2_seg003.npy,0.033947281266050275,0.01850004386770811,0.08751970649461839,25.375674584147667,16.565795296572954,75.70171873981297,0.21449020832877042,0.1321895044715514,0.6533202871996782
base_2-2_seg004,base,2-2.csv,2,1,649.0,processed/segments/base/2-2_seg004.npy,0.029899085069541805,0.023612591412862056,0.10865358719516781,21.276536544937535,19.000217835397304,99.76167897977744,0.1640053882561868,0.14302039654309676,0.6929742152007164
base_2-2_seg005,base,2-2.csv,2,1,1663.0,processed/segments/base/2-2_seg005.npy,0.03364151078646145,0.015542933217730124,0.05297046354911657,25.351098628390243,12.68224688621708,47.33357191415705,0.26278760476350227,0.13520849077192953,0.6020039044645682
base_3-1_seg000,base,3-1.csv,3,2,679.0,processed/segments/base/3-1_seg000.npy,0.03705952965527924,0.032409398020215786,0.14192695564805044,40.482504053485755,26.829138057996406,130.54105131585717,0.1772202085485104,0.14354250090261597,0.6792372905488737
base_3-1_seg001,base,3-1.csv,3,2,673.0,processed/segments/base/3-1_seg001.npy,0.028046160096183385,0.026434198247542725,0.13211424785815334,30.43500729801001,19.972447547503048,125.72669017722673,0.17576915246838862,0.13666047806663567,0.6875703694649757
base_3-1_seg002,base,3-1.csv,3,2,846.0,processed/segments/base/3-1_seg002.npy,0.03375467121010358,0.02445138541532419,0.13428706489935807,36.752502678539386,20.14836231973246,122.21702209830372,0.18828446193201728,0.11825577964994323,0.6934597584180394
base_3-1_seg003,base,3-1.csv,3,2,741.0,processed/segments/base/3-1_seg003.npy,0.03820354885125602,0.02968208171510631,0.1483067748586011,41.55242051692535,22.50374221941917,134.37684905013097,0.18854943205913427,0.13116264047209356,0.6802879274687721
base_3-1_seg004,base,3-1.csv,3,2,1412.0,processed/segments/base/3-1_seg004.npy,0.02586386558836032,0.018060263863382203,0.08193179466121639,29.002764698361577,13.588608926873244,74.6527457682922,0.1991043597131953,0.12580115615152823,0.6750944841352765
base_3-1_seg005,base,3-1.csv,3,2,1156.0,processed/segments/base/3-1_seg005.npy,0.02825080842168173,0.020848165950429508,0.0988574478584446,30.943139534669594,15.81924499717296,90.76408659549958,0.18966729188137482,0.12211773168120187,0.6882149764374234
base_3-1_seg006,base,3-1.csv,3,2,848.0,processed/segments/base/3-1_seg006.npy,0.03075773473615812,0.022898060349519096,0.12064696289286865,33.614502753920824,17.570564907681177,104.72575182085264,0.1847527410896185,0.1199991761837378,0.6952480827266436
base_3-1_seg007,base,3-1.csv,3,2,879.0,processed/segments/base/3-1_seg007.npy,0.025101605626165636,0.021864311886062214,0.12585709182490026,26.498161899157004,17.06768658188395,114.694026140759,0.16021138279451466,0.11675813262538638,0.7230304845800989
base_3-1_seg008,base,3-1.csv,3,2,957.0,processed/segments/base/3-1_seg008.npy,0.02697953041761303,0.024974314709885,0.11346145729827868,29.90026421064258,18.909902280082015,100.50667853264618,0.17951654497668929,0.13752678964636753,0.6829566653769432
base_3-1_seg009,base,3-1.csv,3,2,1143.0,processed/segments/base/3-1_seg009.npy,0.032954787992230325,0.02100806765284196,0.10252587934995044,37.71248124058185,15.67508499902918,87.43460016300678,0.2206942692464335,0.12013116717383596,0.6591745635797306
base_3-1_seg010,base,3-1.csv,3,2,1034.0,processed/segments/base/3-1_seg010.npy,0.0331606532760692,0.02615316423932126,0.10600585011556606,33.64927339480464,21.092321384973864,94.18918382025838,0.20459174370537553,0.13868852030126239,0.6567197359933621
base_3-1_seg011,base,3-1.csv,3,2,770.0,processed/segments/base/3-1_seg011.npy,0.013208824652669314,0.012551420191836993,0.01604146138384616,13.723333865145866,11.369824877145211,14.623943357997685,0.3389082966154826,0.2775803346980085,0.38351136868650876
base_3-1_seg012,base,3-1.csv,3,2,1171.0,processed/segments/base/3-1_seg012.npy,0.026067115312552874,0.02059382307234761,0.09433429304302803,26.92309706123029,17.1693503433425,83.93424541471616,0.17862120153032177,0.13014475087162486,0.6912340475980534
base_3-1_seg013,base,3-1.csv,3,2,1072.0,processed/segments/base/3-1_seg013.npy,0.028629334733857602,0.019814956876700877,0.0818249017194352,31.943619849359735,16.467218024158925,78.77059359442198,0.2276688092447744,0.13506407593769199,0.6372671148175336
base_3-1_seg014,base,3-1.csv,3,2,530.0,processed/segments/base/3-1_seg014.npy,0.04240913908947549,0.029941042634965276,0.16276163149001496,49.84965779233516,24.286039398711964,145.95324904149294,0.19458399159850678,0.12254382223290763,0.6828721861685857
base_3-1_seg015,base,3-1.csv,3,2,1119.0,processed/segments/base/3-1_seg015.npy,0.027728168949159863,0.02252444456332374,0.09453640508705706,29.042358704346803,17.99363389359503,81.39282046290485,0.17570036736303918,0.1301370465415812,0.6941625860953796
base_3-1_seg016,base,3-1.csv,3,2,1505.0,processed/segments/base/3-1_seg016.npy,0.01828693049972758,0.01657815918959462,0.08221143967369801,18.256580213501003,12.53898755231892,70.06004315121922,0.15688882812493232,0.1252061293659967,0.7179050425090708
base_3-1_seg017,base,3-1.csv,3,2,822.0,processed/segments/base/3-1_seg017.npy,0.024255132369051954,0.019821157282621578,0.10328993981133962,26.02489527763599,15.43828189385097,89.57909224565167,0.18248081636866711,0.12368232254929742,0.6938368610820355
base_3-2_seg000,base,3-2.csv,3,2,697.0,processed/segments/base/3-2_seg000.npy,0.038896039020500435,0.0208739608853395,0.14339909931030242,32.39150747686283,17.933095385194516,151.4925070710422,0.19292577249072035,0.09783557325117996,0.7092386542580997
base_3-2_seg001,base,3-2.csv,3,2,1032.0,processed/segments/base/3-2_seg001.npy,0.03794526764049873,0.0177717044145653,0.1079357948909842,30.639015884860726,15.06695944255875,102.84138429925643,0.20233949294943235,0.09523337004063272,0.702427137009935
base_3-2_seg002,base,3-2.csv,3,2,1145.0,processed/segments/base/3-2_seg002.npy,0.03272385793083783,0.018240415523950504,0.09976761065154571,25.710915231936138,15.285924776721814,96.38766257682458,0.1802908885330333,0.10711371948986259,0.7125953919771041
base_3-2_seg003,base,3-2.csv,3,2,739.0,processed/segments/base/3-2_seg003.npy,0.04363251032143074,0.02366818488610793,0.16189274573909168,33.8784307075633,19.37070532511034,150.1454841225239,0.1771616480466236,0.09675826161233453,0.7260800903410418
base_3-2_seg004,base,3-2.csv,3,2,1490.0,processed/segments/base/3-2_seg004.npy,0.025854267244598453,0.012997214510805008,0.07335148793882715,20.23511376794219,11.367772101643721,69.72856084430238,0.1828285200098791,0.10007459313988547,0.7170968868502355
base_3-2_seg005,base,3-2.csv,3,2,1148.0,processed/segments/base/3-2_seg005.npy,0.03342881088447211,0.017418015804239434,0.09455688523364014,25.151562938919685,14.83804460432478,87.60900195250946,0.1933622553333413,0.10902072456012975,0.6976170201065289
base_3-2_seg006,base,3-2.csv,3,2,239.0,processed/segments/base/3-2_seg006.npy,0.022891322780588964,0.006893232623851825,0.008477108150747176,14.626755954266095,5.335701273276716,7.063958589913004,0.5872832944493693,0.18169439714266014,0.23102230840797042
base_3-2_seg007,base,3-2.csv,3,2,1297.0,processed/segments/base/3-2_seg007.npy,0.03809274938630792,0.01848375970831346,0.09503241641315535,28.001645860366505,14.887635774938131,87.76907698248233,0.20634987298417184,0.10807598327290159,0.6855741437429266
base_3-2_seg008,base,3-2.csv,3,2,436.0,processed/segments/base/3-2_seg008.npy,0.03043314074212338,0.009363722912476483,0.012014974385809701,21.1954933498367,6.874532986970156,9.907318376846183,0.5816819744481602,0.18000093059163746,0.2383170949602024
base_4-1_seg000,base,4-1.csv,4,3,930.0,processed/segments/base/4-1_seg000.npy,0.010316242353514334,0.017276947744214146,0.05981788843441232,9.167679796378716,12.633164218370158,54.8287598124774,0.10995605276191199,0.1741059090792562,0.7159380381588318
base_4-1_seg001,base,4-1.csv,4,3,961.0,processed/segments/base/4-1_seg001.npy,0.01263144726698018,0.013124349681012159,0.04887061030121888,10.820027823762679,10.540120721237358,46.83028914743562,0.15881111374408094,0.15565834008780277,0.6855305461681163
base_4-1_seg002,base,4-1.csv,4,3,975.0,processed/segments/base/4-1_seg002.npy,0.01298155682337386,0.015078684732925533,0.0565826050750404,12.544326098566653,12.295151446617133,53.29744783021541,0.17026237138680628,0.16543140853117144,0.6643062200820223
base_4-1_seg003,base,4-1.csv,4,3,1090.0,processed/segments/base/4-1_seg003.npy,0.006919530169371807,0.010090597991552989,0.05132904511151257,6.577794419075522,8.633660753949359,46.98469660432019,0.10143042043052447,0.14908911941323458,0.749480460156241
base_4-1_seg004,base,4-1.csv,4,3,575.0,processed/segments/base/4-1_seg004.npy,0.009516405424744434,0.016261894758759783,0.07738656745650507,8.786289365591623,12.767027539568073,73.23616773324562,0.09462248253431597,0.1600926678626533,0.7452848496030305
base_4-1_seg005,base,4-1.csv,4,3,1124.0,processed/segments/base/4-1_seg005.npy,0.012066071429539376,0.014076879180348088,0.050347046650083715,10.596707254297927,11.0335857272772,48.92637140027343,0.1728746054444683,0.1632036091370314,0.6639217854185002
base_4-1_seg006,base,4-1.csv,4,3,493.0,processed/segments/base/4-1_seg006.npy,0.004578081268676021,0.005018012753978506,0.005939714908140798,3.958957907248399,3.9462787790904237,5.524534670935422,0.3058821881456159,0.3126442625284355,0.3814735493259485
base_4-1_seg007,base,4-1.csv,4,3,1048.0,processed/segments/base/4-1_seg007.npy,0.010449624605848412,0.012844017544943936,0.05187648941411205,9.436856942332914,11.096139070475214,51.92645842919028,0.14466393307052608,0.15442677662876356,0.7009092903007104
base_4-1_seg008,base,4-1.csv,4,3,1532.0,processed/segments/base/4-1_seg008.npy,0.01127740152040696,0.011709618612388128,0.04169965815314056,10.264005773499957,9.91227620405229,39.74810089424078,0.16702169539560882,0.1506949938338007,0.6822833107705905
base_4-1_seg009,base,4-1.csv,4,3,1321.0,processed/segments/base/4-1_seg009.npy,0.012386796233677005,0.012809250257399747,0.04722367588516601,10.171061110841286,10.161707555825684,43.792359394593255,0.20539777827161457,0.1515181827821505,0.6430840389462349
base_4-1_seg010,base,4-1.csv,4,3,822.0,processed/segments/base/4-1_seg010.npy,0.013703523262754234,0.01160253647873561,0.0486154374671355,11.880103132877744,10.270892574697648,45.29272780546033,0.19137661189713343,0.13841439212918416,0.6702089959736824
base_4-1_seg011,base,4-1.csv,4,3,1207.0,processed/segments/base/4-1_seg011.npy,0.009528673482647826,0.010751992730217878,0.04595598081908686,9.215976180264198,9.421921097507205,44.91864549464178,0.14487071388212852,0.14294952345721082,0.7121797626606606
base_4-1_seg012,base,4-1.csv,4,3,771.0,processed/segments/base/4-1_seg012.npy,0.012560533777931532,0.01309885343887265,0.04810554905993708,12.56721196556094,10.577755148747148,48.41753863466542,0.1789059700520044,0.16440900329735827,0.6566850266506374
base_4-1_seg013,base,4-1.csv,4,3,1251.0,processed/segments/base/4-1_seg013.npy,0.012795799625418531,0.01237624881461657,0.042835674408469554,11.88582809036985,10.302490418772887,39.28561262032792,0.18587641008513284,0.15412426984831482,0.6599993200665524
base_4-1_seg014,base,4-1.csv,4,3,1034.0,processed/segments/base/4-1_seg014.npy,0.012735610527807277,0.011917715214735395,0.050426995489401716,11.255867623815135,9.78466132577135,46.875874029448426,0.20004523975441507,0.1384726418575863,0.6614821183879986
base_4-1_seg015,base,4-1.csv,4,3,1029.0,processed/segments/base/4-1_seg015.npy,0.008413409887061546,0.010513100378165177,0.05021892883948423,7.884086560469473,8.91654035091508,47.593857795332475,0.12745098877838895,0.14109118743031568,0.7314578237912954
base_4-1_seg016,base,4-1.csv,4,3,608.0,processed/segments/base/4-1_seg016.npy,0.00990194947561065,0.012915271716582787,0.06121797350591896,10.034935598295394,11.835283687712144,57.58285370809077,0.12477511737656068,0.13961326907637187,0.7356116135470674
base_4-1_seg017,base,4-1.csv,4,3,639.0,processed/segments/base/4-1_seg017.npy,0.014693614735833155,0.013141593222716201,0.04310239321761326,13.835086198628861,11.237233200964077,41.83843033120877,0.20549833908444654,0.16318735256566994,0.6313143083498836
base_4-1_seg018,base,4-1.csv,4,3,1077.0,processed/segments/base/4-1_seg018.npy,0.01371911206364865,0.013577112712634936,0.050926010115034163,13.429392096127543,11.079503753354686,48.6158993892767,0.17365644435297217,0.161647433522864,0.6646961221241638
base_4-1_seg019,base,4-1.csv,4,3,1236.0,processed/segments/base/4-1_seg019.npy,0.013449047780443113,0.014293139289894015,0.05190045007501862,13.113346445334374,11.69875464863588,49.123825676227135,0.1675754860827469,0.15736357730250994,0.6750609366147432
base_4-1_seg020,base,4-1.csv,4,3,1076.0,processed/segments/base/4-1_seg020.npy,0.014470728682332028,0.015800389723371427,0.05505817988259753,13.078144035994692,12.556647967050226,54.118893132775625,0.17272561792731903,0.17400616743296737,0.6532682146397136
base_4-2_seg000,base,4-2.csv,4,3,428.0,processed/segments/base/4-2_seg000.npy,0.037566432484804665,0.024493330686152184,0.14582344409785872,32.42573785456783,22.85692155631336,160.68741320139617,0.1782931866670798,0.11117099044035614,0.7105358228925641
base_4-2_seg001,base,4-2.csv,4,3,233.0,processed/segments/base/4-2_seg001.npy,0.04908938739544007,0.02247925718118592,0.14358957598456,42.685437478958356,21.030420756668992,146.66989157347527,0.2238251056342544,0.10287615038462355,0.6732987439811221
base_4-2_seg002,base,4-2.csv,4,3,780.0,processed/segments/base/4-2_seg002.npy,0.0428604752888602,0.018523992869880147,0.0999259304667299,34.70871884524784,15.031445142013782,97.54023159345768,0.2530630424227716,0.10718793957261115,0.6397490180046173
base_4-2_seg003,base,4-2.csv,4,3,646.0,processed/segments/base/4-2_seg003.npy,0.04528541635139105,0.02008446951540526,0.08035211901511292,37.28888306051543,16.21224136150629,82.86846208260044,0.3042629412909065,0.1294487463654751,0.5662883123436184
base_4-2_seg004,base,4-2.csv,4,3,805.0,processed/segments/base/4-2_seg004.npy,0.042173917069211246,0.019666466046553872,0.08005737014585636,32.668693899288904,15.908885682484641,77.95141114145693,0.29579305766810526,0.13437499905456313,0.5698319432773317
base_4-2_seg005,base,4-2.csv,4,3,1128.0,processed/segments/base/4-2_seg005.npy,0.039451085810945426,0.017751597471176613,0.05627580952108067,30.281007195015572,13.610083000118992,52.1605556248202,0.30173193591664754,0.14502360227182254,0.55324446181153
base_4-2_seg006,base,4-2.csv,4,3,560.0,processed/segments/base/4-2_seg006.npy,0.03252590927124646,0.010079250364540715,0.014099809689990587,23.253494806954397,7.847782867155582,12.0948375724433,0.5622086273782521,0.17825531657289678,0.259536056048851
base_5-1_seg000,base,5-1.csv,5,4,631.0,processed/segments/base/5-1_seg000.npy,0.01711709114950323,0.01589779370201305,0.05402132690991645,18.355045518793887,13.443546968496275,54.24972947092915,0.20470387259748654,0.16320252077385852,0.6320936066286549
base_5-1_seg001,base,5-1.csv,5,4,638.0,processed/segments/base/5-1_seg001.npy,0.014907275811625913,0.01483459760901375,0.043156356986695885,14.152581414931413,12.310461895957188,40.70402183757096,0.20177878148069833,0.16792203901341973,0.630299179505882
base_5-1_seg002,base,5-1.csv,5,4,658.0,processed/segments/base/5-1_seg002.npy,0.016810911088024256,0.01651955795617871,0.07036879051227822,17.074708749296015,13.909931258113039,69.75173741369731,0.17471756483713402,0.14784241668447878,0.6774400184783871
base_5-1_seg003,base,5-1.csv,5,4,1025.0,processed/segments/base/5-1_seg003.npy,0.019171669332592935,0.015543899660878541,0.02500376108016592,19.02975034890534,13.717396606152798,23.408219757445583,0.3220832804291257,0.21215817521098768,0.4657585443598866
base_5-1_seg004,base,5-1.csv,5,4,877.0,processed/segments/base/5-1_seg004.npy,0.02014816353739001,0.014290265030896488,0.04729889207512946,19.453660162564365,12.338366704496606,45.42515189898048,0.2465257758878446,0.14625994343028728,0.607214280681868
base_5-1_seg005,base,5-1.csv,5,4,978.0,processed/segments/base/5-1_seg005.npy,0.014447268029120615,0.013013863027823034,0.049657064802079966,13.28854426214172,10.922383892084268,46.822687501063996,0.19322785366450232,0.14643226517097604,0.6603398811645216
base_5-1_seg006,base,5-1.csv,5,4,1197.0,processed/segments/base/5-1_seg006.npy,0.015646334877150482,0.012233915842395391,0.030314824848510814,15.173439324668928,11.120068714063978,30.191312062771473,0.26837035908854545,0.17126671885710276,0.5603629220543518
base_5-1_seg007,base,5-1.csv,5,4,897.0,processed/segments/base/5-1_seg007.npy,0.01798256249045948,0.014447968349498545,0.06078096276990832,17.596411453073422,12.747800832071405,58.28737473356001,0.19723660713362262,0.13383400507576274,0.6689293877906146
base_5-1_seg008,base,5-1.csv,5,4,1013.0,processed/segments/base/5-1_seg008.npy,0.01456872370140082,0.015131141020154889,0.05720745847206001,13.643080961844147,13.472723408788367,58.18799978608882,0.17954770078552312,0.14755098267558278,0.6729013165388941
base_5-1_seg009,base,5-1.csv,5,4,1160.0,processed/segments/base/5-1_seg009.npy,0.012825659235338089,0.011672190403333433,0.04235506877061418,12.27816237052194,10.329943151967024,40.82159085269756,0.19247750634372343,0.14266438735061376,0.6648581063056628
base_5-1_seg010,base,5-1.csv,5,4,1218.0,processed/segments/base/5-1_seg010.npy,0.02265414611268784,0.014564464187653151,0.0341767279949778,23.14243924069504,12.630711277663554,33.077965906943795,0.3168083357213582,0.1613771391891281,0.5218145250895138
base_5-1_seg011,base,5-1.csv,5,4,481.0,processed/segments/base/5-1_seg011.npy,0.007028400427209723,0.00699544160799951,0.007259977105109148,7.158310161643555,5.855800636747883,6.903774696910057,0.37777137822277773,0.30887888087184684,0.3133497409053754
base_5-1_seg012,base,5-1.csv,5,4,784.0,processed/segments/base/5-1_seg012.npy,0.026278523755059836,0.018051731989165442,0.05064393393053936,27.84470359338992,15.21603138365375,47.72771068253601,0.2737543431601408,0.16966433332350983,0.5565813235163495
base_5-1_seg013,base,5-1.csv,5,4,801.0,processed/segments/base/5-1_seg013.npy,0.00963392839324149,0.010510261858609787,0.009294137779419417,9.246157974152778,8.728944385397119,8.576822173220343,0.37599286483656064,0.3316350725005413,0.2923720626628981
base_5-1_seg014,base,5-1.csv,5,4,627.0,processed/segments/base/5-1_seg014.npy,0.0058831283947295455,0.007010303123356123,0.006342654059896033,6.0230698616555,5.804299773923975,5.907164814713464,0.33972682095448614,0.3432839791853518,0.316989199860162
base_5-1_seg015,base,5-1.csv,5,4,1190.0,processed/segments/base/5-1_seg015.npy,0.01907246883135697,0.010143045095639375,0.02968581491073489,20.905327673788573,9.3015385163299,28.0220717633957,0.33318832691388284,0.12802591152988066,0.5387857615562366
base_5-1_seg016,base,5-1.csv,5,4,1258.0,processed/segments/base/5-1_seg016.npy,0.03251660555887805,0.013493494965992607,0.04426874822206096,38.11974400243348,11.024946391610117,40.410027321727554,0.393995192018033,0.12018404115495408,0.4858207668270129
base_5-1_seg017,base,5-1.csv,5,4,807.0,processed/segments/base/5-1_seg017.npy,0.008977152297167522,0.00879278719736211,0.008603747600808332,9.064625792866957,7.520504427046421,7.963261076971302,0.38194281883884423,0.30964080804707744,0.3084163731140784
base_5-2_seg000,base,5-2.csv,5,4,816.0,processed/segments/base/5-2_seg000.npy,0.05179877855933867,0.014254033721358163,0.058529050642232704,40.81317111818334,10.852178925991476,53.801160349175184,0.39650216006457767,0.09863530136927336,0.504862538566149
base_5-2_seg001,base,5-2.csv,5,4,874.0,processed/segments/base/5-2_seg001.npy,0.04618102076717732,0.014395876295273924,0.05667678530661566,37.32013767223751,10.437432349558673,55.49551492771166,0.4027350980484524,0.1042998524778584,0.49296504947368924
base_5-2_seg002,base,5-2.csv,5,4,609.0,processed/segments/base/5-2_seg002.npy,0.09666414616928816,0.018449360021418452,0.05442917134640521,93.7106981158282,14.007622229451204,50.61424884639644,0.5810242139162891,0.09622707962645013,0.3227487064572607
base_5-2_seg003,base,5-2.csv,5,4,564.0,processed/segments/base/5-2_seg003.npy,0.03540338135881578,0.012335979355429202,0.013580836217666228,24.351122255294165,8.608637936256468,10.921965922861023,0.568191284593029,0.20398596483307538,0.22782275057389545
base_go_the_way-1_seg000,base,go_the_way-1.csv,go_the_way,5,1037.0,processed/segments/base/go_the_way-1_seg000.npy,0.021993182286253434,0.027426893064572615,0.07720436097376637,22.03518302334434,23.25617736602099,70.24302684312163,0.1769641299352546,0.22813581415322168,0.5949000559115237
base_go_the_way-1_seg001,base,go_the_way-1.csv,go_the_way,5,881.0,processed/segments/base/go_the_way-1_seg001.npy,0.024718991958710915,0.02975150352019293,0.08164907206097322,24.907663645106066,26.016241563090905,73.75680152085643,0.18236929625612117,0.20705799491170182,0.610572708832177
base_go_the_way-1_seg002,base,go_the_way-1.csv,go_the_way,5,1007.0,processed/segments/base/go_the_way-1_seg002.npy,0.022993617267966848,0.029412611938411503,0.0861033445445251,22.884761106276013,23.54897996883425,79.71840522866778,0.1622588864829148,0.19876029463935174,0.6389808188777334
base_go_the_way-1_seg003,base,go_the_way-1.csv,go_the_way,5,597.0,processed/segments/base/go_the_way-1_seg003.npy,0.018480722084674883,0.02590834850053662,0.04561643498217973,15.532468164182655,19.59985210022406,43.944055234043844,0.20583397301657846,0.29850564028159726,0.49566038670182444
base_go_the_way-1_seg004,base,go_the_way-1.csv,go_the_way,5,535.0,processed/segments/base/go_the_way-1_seg004.npy,0.025459013407581034,0.029889660878308775,0.09052240468340164,25.74745720487611,24.796235259925986,90.40154537008803,0.1702496235081467,0.18854161919316584,0.6412087572986874
base_go_the_way-1_seg005,base,go_the_way-1.csv,go_the_way,5,1049.0,processed/segments/base/go_the_way-1_seg005.npy,0.019280059792385812,0.02904560872961857,0.07779018745552732,18.729668270741108,22.284788425313735,73.02131249210696,0.146869651581591,0.2159827859902318,0.6371475624281772
base_go_the_way-1_seg006,base,go_the_way-1.csv,go_the_way,5,840.0,processed/segments/base/go_the_way-1_seg006.npy,0.025595247501230965,0.02689942391055741,0.07731910157523295,25.89288214612812,22.067391502022236,75.5728410519111,0.20276925279387362,0.20011416343326296,0.5971165837728635
base_go_the_way-1_seg007,base,go_the_way-1.csv,go_the_way,5,459.0,processed/segments/base/go_the_way-1_seg007.npy,0.010355082236036652,0.012483585591702187,0.03335164175583805,10.951649972287,10.83702713079728,31.895947278865673,0.18852972099305995,0.21242245718216282,0.5990478218247772
base_go_the_way-1_seg008,base,go_the_way-1.csv,go_the_way,5,1301.0,processed/segments/base/go_the_way-1_seg008.npy,0.01393250342113144,0.020894530944723693,0.04808459566183262,13.219663146458709,17.524241132019934,45.00277523492654,0.17685730091841378,0.25934850536347415,0.563794193718112
base_go_the_way-1_seg009,base,go_the_way-1.csv,go_the_way,5,898.0,processed/segments/base/go_the_way-1_seg009.npy,0.019132641754855108,0.027440331772262107,0.06976858523294904,19.346851815060788,24.194398948478245,67.68911828610557,0.1626091089330406,0.22307600986539028,0.6143148812015691
base_go_the_way-1_seg010,base,go_the_way-1.csv,go_the_way,5,1169.0,processed/segments/base/go_the_way-1_seg010.npy,0.0200781636065573,0.025934759473496664,0.07385037652416539,20.695674286787593,21.40111839364674,70.64867375019202,0.17568534774262665,0.19901481270703955,0.6252998395503337
base_go_the_way-1_seg011,base,go_the_way-1.csv,go_the_way,5,872.0,processed/segments/base/go_the_way-1_seg011.npy,0.02511059630951578,0.02560689085744882,0.09554161886305984,26.229541004972223,22.788346991918946,95.05360086794724,0.16700060232091674,0.15326342951996785,0.6797359681591154
base_go_the_way-1_seg012,base,go_the_way-1.csv,go_the_way,5,433.0,processed/segments/base/go_the_way-1_seg012.npy,0.017132025458194765,0.02580631195129206,0.07787435913386381,17.323016298385905,20.716803100266596,75.2661175700152,0.1357644226854924,0.20187612313297384,0.6623594541815339
base_go_the_way-1_seg013,base,go_the_way-1.csv,go_the_way,5,944.0,processed/segments/base/go_the_way-1_seg013.npy,0.020643267650107235,0.02444396875249974,0.08500209341678554,20.28724589624666,21.827558816387853,80.26359907532147,0.1533705931440985,0.1671687355247919,0.6794606713311097
base_go_the_way-1_seg014,base,go_the_way-1.csv,go_the_way,5,552.0,processed/segments/base/go_the_way-1_seg014.npy,0.01093978592951221,0.013180003226016195,0.03628388595052952,10.828754408007674,11.847404015363272,33.72365443843133,0.17375209815917814,0.2027152160548754,0.6235326857859464
base_go_the_way-1_seg015,base,go_the_way-1.csv,go_the_way,5,1095.0,processed/segments/base/go_the_way-1_seg015.npy,0.018997911653670593,0.022040636434729147,0.08116968859452593,19.15002693397977,19.62426339147189,77.90652928517883,0.14173217291034965,0.1542494822514721,0.7040183448381783
base_go_the_way-1_seg016,base,go_the_way-1.csv,go_the_way,5,1030.0,processed/segments/base/go_the_way-1_seg016.npy,0.01820320970408818,0.02234834016186542,0.08907753089328785,17.72099172691607,19.48149134876393,81.87261651844496,0.13660496363717234,0.15449920610755297,0.7088958302552747
base_go_the_way-1_seg017,base,go_the_way-1.csv,go_the_way,5,835.0,processed/segments/base/go_the_way-1_seg017.npy,0.02928719177578914,0.030474264304375248,0.07311097338630847,30.61649399492308,27.007008253365658,72.34622273020922,0.23669765091672998,0.2034157405576987,0.5598866085255714
base_go_the_way-2_seg000,base,go_the_way-2.csv,go_the_way,5,417.0,processed/segments/base/go_the_way-2_seg000.npy,0.029082002650009074,0.019536748394573273,0.044950390280177506,21.590835639564762,13.263563920006643,43.341345946225466,0.2688508809361598,0.17437844015653736,0.5567706789073027
base_ok-1_seg000,base,ok-1.csv,ok,6,1318.0,processed/segments/base/ok-1_seg000.npy,0.008195739724237969,0.01231289651415721,0.042692076562581505,7.53600777961718,9.245340886208725,40.343123744062154,0.11982312996911314,0.16619738702068196,0.7139794830102049
base_ok-1_seg001,base,ok-1.csv,ok,6,1243.0,processed/segments/base/ok-1_seg001.npy,0.011494921187031455,0.01205654635209457,0.04428590807756474,11.186667657859932,10.10732623807456,43.512672966993925,0.17419060184736324,0.15111383137866102,0.6746955667739758
base_ok-1_seg002,base,ok-1.csv,ok,6,1030.0,processed/segments/base/ok-1_seg002.npy,0.015103318391256051,0.01406963297575998,0.05616054586173147,14.121691816837044,11.788076071335398,53.53839415839338,0.17825803343782523,0.14308836563876315,0.6786536009234118
base_ok-1_seg003,base,ok-1.csv,ok,6,701.0,processed/segments/base/ok-1_seg003.npy,0.0037698610271404026,0.005321515060593302,0.007761329296430225,3.594462539719703,5.062045096988437,7.336802890595314,0.217914222214735,0.3048805201699679,0.4772052576152971
base_ok-1_seg004,base,ok-1.csv,ok,6,788.0,processed/segments/base/ok-1_seg004.npy,0.0035845462569160653,0.0060319806651882414,0.009765790206730797,3.4729136822123525,5.310217128834056,8.628096733005677,0.17690441217103156,0.30853969378204393,0.5145558940469245
base_ok-1_seg005,base,ok-1.csv,ok,6,1228.0,processed/segments/base/ok-1_seg005.npy,0.010931893319498141,0.012566314057154054,0.05118206773237599,10.786575256699445,10.06132039194632,47.68376772443581,0.14997582769401008,0.14408084757579862,0.7059433247301913
base_ok-1_seg006,base,ok-1.csv,ok,6,1426.0,processed/segments/base/ok-1_seg006.npy,0.008089160747337948,0.01112250566317773,0.04201425135507907,7.924561331406319,9.2958905918078,39.265393515150656,0.13822032171161414,0.1591036863298895,0.7026759919584963
base_ok-1_seg007,base,ok-1.csv,ok,6,1647.0,processed/segments/base/ok-1_seg007.npy,0.009102496736624497,0.00942640129787098,0.04369125938624519,8.902820704038627,7.6066753577878155,39.284433453244446,0.1530754611192026,0.13224422782281198,0.7146803110579854
base_ok-1_seg008,base,ok-1.csv,ok,6,967.0,processed/segments/base/ok-1_seg008.npy,0.01088559369141996,0.013759279250098485,0.06721588515935406,11.062399124342592,10.910225020644823,61.41604610189351,0.1200693389713612,0.1359861123920464,0.7439445486365924
base_ok-1_seg009,base,ok-1.csv,ok,6,918.0,processed/segments/base/ok-1_seg009.npy,0.013611964190525285,0.012921773059591104,0.05595141747924003,15.098407556355422,10.832854013147884,53.93871948400636,0.19423793824334135,0.1432138425108761,0.6625482192457827
base_ok-1_seg010,base,ok-1.csv,ok,6,1205.0,processed/segments/base/ok-1_seg010.npy,0.015267147727554671,0.010588978664508477,0.04904834226959183,15.547176711729694,8.45326851023249,47.81003974554265,0.2318503329390039,0.11789583286832221,0.6502538341926738
base_ok-1_seg011,base,ok-1.csv,ok,6,1681.0,processed/segments/base/ok-1_seg011.npy,0.012058236157386252,0.010272351439605745,0.036924956452762635,11.698551603913392,8.45150306353855,34.86950631600147,0.20662994367964296,0.13880956941807107,0.654560486902286
base_ok-1_seg012,base,ok-1.csv,ok,6,1711.0,processed/segments/base/ok-1_seg012.npy,0.010995061753984807,0.010720110184266206,0.044198946946612104,11.248456790619768,9.148138229637377,41.41579852752992,0.16209465505290274,0.13891838641580584,0.6989869585312914
base_ok-1_seg013,base,ok-1.csv,ok,6,1337.0,processed/segments/base/ok-1_seg013.npy,0.009992801920149052,0.011493087397336453,0.04855342384869978,10.860356666834921,9.335592175647845,42.72764981811564,0.15381271301139338,0.14135009164208498,0.7048371953465216
base_ok-1_seg014,base,ok-1.csv,ok,6,840.0,processed/segments/base/ok-1_seg014.npy,0.01459060598675798,0.014953058024048388,0.064223817370801,14.274433487459794,11.714271568109604,58.62111511888814,0.171185098981581,0.14155967555474763,0.6872552254636715
base_ok-1_seg015,base,ok-1.csv,ok,6,772.0,processed/segments/base/ok-1_seg015.npy,0.018077668054590455,0.015710803710746082,0.07503769608453105,19.303855164959764,13.44063770970303,77.41666605640317,0.16868639609640654,0.12981877274393638,0.701494831159657
base_ok-1_seg016,base,ok-1.csv,ok,6,935.0,processed/segments/base/ok-1_seg016.npy,0.010095675342727243,0.012341140874393768,0.056328457825833456,9.938908393888404,10.242580875591985,56.450905237654595,0.1354543636100538,0.13872154718482543,0.7258240892051208
base_ok-1_seg017,base,ok-1.csv,ok,6,982.0,processed/segments/base/ok-1_seg017.npy,0.011385750646428883,0.01183932041814289,0.047385447395190065,10.966626117018727,10.04328566761828,45.84024321124047,0.15163421028771243,0.14890547789247005,0.6994603118198175
base_ok-1_seg018,base,ok-1.csv,ok,6,1387.0,processed/segments/base/ok-1_seg018.npy,0.010307215402691115,0.011322535373309876,0.046288590115141054,9.67263226722519,9.530924153266033,42.31489083095777,0.1617426651565525,0.1376731426215944,0.7005841922218531
base_ok-1_seg019,base,ok-1.csv,ok,6,1356.0,processed/segments/base/ok-1_seg019.npy,0.00974774732299937,0.010196104217260105,0.04274014784597908,9.21372611589475,8.083659355943762,39.58578835472275,0.1372995542033458,0.13405275164584077,0.7286476941508134
base_ok-2_seg000,base,ok-2.csv,ok,6,939.0,processed/segments/base/ok-2_seg000.npy,0.04065008896667116,0.012467032039484443,0.05093547329440853,33.510019606130975,9.056136068804605,44.578270748415406,0.3569373385020293,0.10606427291095011,0.5369983885870205
base_ok-2_seg001,base,ok-2.csv,ok,6,893.0,processed/segments/base/ok-2_seg001.npy,0.03345275968721051,0.010614066396206736,0.05096412444833567,28.62208740130671,7.7798574681689745,51.28509255401265,0.32193857182622904,0.09952113029053075,0.5785402978832402
base_ok-2_seg002,base,ok-2.csv,ok,6,788.0,processed/segments/base/ok-2_seg002.npy,0.04639843083338246,0.01137470910131182,0.06066600623079276,44.382310926649026,9.058773258004342,59.27867757961081,0.37932682909038323,0.08422849722054683,0.53644467368907
base_ok-2_seg003,base,ok-2.csv,ok,6,403.0,processed/segments/base/ok-2_seg003.npy,0.05233686151046347,0.014486635899171532,0.07512921244249558,44.80077044782175,11.486937019184245,72.22058009646884,0.3637372958288107,0.0967210418823596,0.5395416622888297
base_ok-2_seg004,base,ok-2.csv,ok,6,493.0,processed/segments/base/ok-2_seg004.npy,0.06219561258592473,0.01558418999850281,0.09346666945789459,53.84790630025054,12.46361434542742,85.20509937445895,0.3621014313669143,0.08672815880387945,0.5511704098292063
base_ok-2_seg005,base,ok-2.csv,ok,6,685.0,processed/segments/base/ok-2_seg005.npy,0.053889110556790604,0.01445385630481358,0.0674674014231826,44.92806694478631,11.0756521043554,61.10163666440217,0.38757648785159543,0.09859906893002963,0.513824443218375
base_sc-1_seg000,base,sc-1.csv,sc,7,1269.0,processed/segments/base/sc-1_seg000.npy,0.013510728034391139,0.011867328315657713,0.04774121687964921,12.4962377196139,9.894718556140331,46.58835438321782,0.1902622219809918,0.14378103802544268,0.6659567399935655
base_sc-1_seg001,base,sc-1.csv,sc,7,1743.0,processed/segments/base/sc-1_seg001.npy,0.01103338147507981,0.008138125557084975,0.030748426170527882,10.09521727880698,6.613974967586725,29.939698493643295,0.20027942116054673,0.15019274728339102,0.6495278315560622
base_sc-1_seg002,base,sc-1.csv,sc,7,1229.0,processed/segments/base/sc-1_seg002.npy,0.009758790916137183,0.011524081655916682,0.04535609418386284,9.190135177364338,9.186907172898044,44.173090051235064,0.14008909723778223,0.14624554124407643,0.7136653615181413
base_sc-1_seg003,base,sc-1.csv,sc,7,2076.0,processed/segments/base/sc-1_seg003.npy,0.010844693491962184,0.008422322728665929,0.027672305193288324,9.912265171495466,6.704634713091,26.668729266404263,0.22134286250089938,0.147442733151668,0.6312144043474326
base_sc-1_seg004,base,sc-1.csv,sc,7,1640.0,processed/segments/base/sc-1_seg004.npy,0.015025886797296335,0.009773745758140346,0.03538066929967417,13.777790898800957,8.08843202323504,32.807558955243195,0.23451967850415897,0.13259383834383362,0.6328864831520075
base_sc-1_seg005,base,sc-1.csv,sc,7,1285.0,processed/segments/base/sc-1_seg005.npy,0.010561917353134534,0.009751919043566492,0.03625980016896154,9.925041312414365,8.117229680018164,33.05702410618815,0.17352009318744732,0.14165655809673572,0.684823348715817
base_sc-1_seg006,base,sc-1.csv,sc,7,729.0,processed/segments/base/sc-1_seg006.npy,0.0031091572231395,0.004961586475644417,0.005770670085763343,3.393421374221179,4.129192777090424,5.5569723831061975,0.21184583919225114,0.3418619376617525,0.4462922231459963
base_sc-1_seg007,base,sc-1.csv,sc,7,1883.0,processed/segments/base/sc-1_seg007.npy,0.011140545182264722,0.008585806033486472,0.030023440008480198,10.111657522808224,7.278480318151941,29.705166081703958,0.1982043720728819,0.1383414782050201,0.663454149722098
base_sc-1_seg008,base,sc-1.csv,sc,7,1409.0,processed/segments/base/sc-1_seg008.npy,0.011116611027545418,0.00999492805059254,0.0376533831917365,10.311342263691115,8.449221109733774,34.93100165654512,0.1836270300678916,0.13924706101033757,0.6771259089217708
base_sc-1_seg009,base,sc-1.csv,sc,7,2066.0,processed/segments/base/sc-1_seg009.npy,0.011326961180878389,0.008620730783876462,0.030972806883288795,10.206601439330448,7.340536850318673,28.601355341983673,0.1928091672058853,0.1379143066537167,0.6692765261403981
base_sc-1_seg010,base,sc-1.csv,sc,7,1833.0,processed/segments/base/sc-1_seg010.npy,0.011293431816805916,0.00936907653738231,0.03227347571875586,10.464218318316956,7.646836763289468,30.758087221932747,0.20803291353499062,0.14853780335493877,0.6434292831100706
base_sc-1_seg011,base,sc-1.csv,sc,7,1220.0,processed/segments/base/sc-1_seg011.npy,0.009399163344684594,0.010271234292285252,0.039846159044219925,8.108913117794325,8.189199632596274,35.3745074582134,0.17208199240751082,0.14355726833565965,0.6843607392568295
base_sc-2_seg000,base,sc-2.csv,sc,7,613.0,processed/segments/base/sc-2_seg000.npy,0.023729060118223455,0.006510378028607607,0.014469401336520415,15.747660413592616,4.475470245575357,12.79935021422744,0.47733831783341407,0.1350070848281581,0.3876545973384278
base_sc-2_seg001,base,sc-2.csv,sc,7,75.0,processed/segments/base/sc-2_seg001.npy,0.037911506982930984,0.009432577684427228,0.02277189179755593,26.133065044132895,6.902291201383645,21.003367267668335,0.5319642207727799,0.1266983687725283,0.3413374104546918
base_sc-2_seg002,base,sc-2.csv,sc,7,813.0,processed/segments/base/sc-2_seg002.npy,0.024664653332163337,0.009341643820617293,0.046727105936698515,18.72160380894502,6.598401767651178,39.49988840638463,0.24876529299316677,0.10589781109418436,0.6453368959126489
base_sc-2_seg003,base,sc-2.csv,sc,7,483.0,processed/segments/base/sc-2_seg003.npy,0.027174669586606016,0.007916206864452888,0.0075131926104809454,18.02785650006888,5.167557998526742,6.423758382547375,0.6302857471438106,0.18424050840395528,0.18547374445223422
base_sc-2_seg004,base,sc-2.csv,sc,7,548.0,processed/segments/base/sc-2_seg004.npy,0.032237117402165415,0.00983567968474085,0.023903010641216877,24.848993416598194,8.34581553757046,22.228883296018314,0.46419283461695227,0.135853162621767,0.3999540027612807
base_sc-2_seg005,base,sc-2.csv,sc,7,506.0,processed/segments/base/sc-2_seg005.npy,0.028859479066441405,0.010637809781604383,0.06998341924772118,24.841035056907643,8.087946004005373,68.84299877734465,0.24532928278474786,0.09356491449761754,0.6611058027176346
base_sc-2_seg006,base,sc-2.csv,sc,7,434.0,processed/segments/base/sc-2_seg006.npy,0.030973284379712075,0.010960610512414553,0.01688162093207788,22.897415326262255,7.694098792405773,16.059445350076775,0.508267951615553,0.1806125204111432,0.3111195279733038
base_sc-2_seg007,base,sc-2.csv,sc,7,96.0,processed/segments/base/sc-2_seg007.npy,0.03139745683684914,0.011411768432137906,0.022935736989984773,21.95989836444508,8.638502518153365,19.11828850352419,0.46177226639004737,0.16487932135376007,0.3733484122561925
base_stop-1_seg000,base,stop-1.csv,stop,8,800.0,processed/segments/base/stop-1_seg000.npy,0.05620037574758933,0.04507151790017321,0.05562241715475137,44.603670511557866,42.56240246356979,53.14752757519058,0.3758293920403199,0.285829779134154,0.3383408288255262
base_stop-1_seg001,base,stop-1.csv,stop,8,687.0,processed/segments/base/stop-1_seg001.npy,0.05265811602334373,0.04145937936654229,0.05960906440232518,44.48871343331712,40.17584681842171,55.61836645634782,0.3556716013975272,0.28182250866783637,0.3625058899346364
base_stop-1_seg002,base,stop-1.csv,stop,8,832.0,processed/segments/base/stop-1_seg002.npy,0.06648853805077319,0.04068895965944178,0.0529521106264444,56.99851634900443,40.26995229458114,48.47793551404303,0.45175077533078667,0.24452167923140186,0.3037275454378115
base_stop-1_seg003,base,stop-1.csv,stop,8,1222.0,processed/segments/base/stop-1_seg003.npy,0.05487940102729683,0.03564541935282968,0.04807512492211548,49.32563053416516,33.49439244943111,43.50822779205853,0.4019375228071021,0.2767639063387505,0.3212985708541475
base_stop-1_seg004,base,stop-1.csv,stop,8,731.0,processed/segments/base/stop-1_seg004.npy,0.004606633146869916,0.007444906548183156,0.008978370568440714,4.976532182347952,6.37877421025322,8.208577368108491,0.2586302315894325,0.33067200466668606,0.4106977637438815
base_stop-1_seg005,base,stop-1.csv,stop,8,1146.0,processed/segments/base/stop-1_seg005.npy,0.060450611764199344,0.03402478681421563,0.04257319924890789,53.2139285238222,33.116248759193404,38.643665726468605,0.4585067410495567,0.26500199098523325,0.2764912679652101
base_stop-1_seg006,base,stop-1.csv,stop,8,865.0,processed/segments/base/stop-1_seg006.npy,0.06341468899418104,0.04747863421417314,0.056406011134259054,53.82604640515509,44.45267847842577,51.954173182901606,0.3891676255739852,0.2913571990231877,0.3194751754028271
base_stop-1_seg007,base,stop-1.csv,stop,8,808.0,processed/segments/base/stop-1_seg007.npy,0.05879562982388107,0.046827887517636634,0.06496014534602437,52.274550703655315,47.743151832527566,59.55744659976276,0.3573599018381157,0.2787168836441138,0.36392321451777043
base_stop-1_seg008,base,stop-1.csv,stop,8,1002.0,processed/segments/base/stop-1_seg008.npy,0.06036295690584849,0.03217109654495015,0.050608743857774405,54.16830522906525,30.378848700150016,46.37978777288506,0.43100496382281395,0.23206356575736797,0.33693147041981814
base_stop-1_seg009,base,stop-1.csv,stop,8,1287.0,processed/segments/base/stop-1_seg009.npy,0.05044157793441133,0.030300599077161334,0.04703911059134247,45.051200892489724,31.046317997077228,44.11942955146713,0.4340883161343739,0.2407691797304185,0.32514250413520757
base_stop-1_seg010,base,stop-1.csv,stop,8,1042.0,processed/segments/base/stop-1_seg010.npy,0.07741180876737576,0.0348686445778161,0.05246080828933838,60.124252119671866,33.395378918619016,47.56682723499882,0.4986975372262987,0.21851281270847522,0.282789650065226
base_stop-1_seg011,base,stop-1.csv,stop,8,1174.0,processed/segments/base/stop-1_seg011.npy,0.05948222842199158,0.03450879493900653,0.050281968428872864,55.818976507668715,31.438587964623146,45.0537736009107,0.43431325525458053,0.25680240150168243,0.30888434324373704
base_stop-1_seg012,base,stop-1.csv,stop,8,936.0,processed/segments/base/stop-1_seg012.npy,0.07113254084476328,0.04615694146314849,0.06601381475939941,60.08700227670874,44.26378708080114,60.05290284007738,0.3878582499861731,0.26038894329785506,0.3517528067159719
base_stop-1_seg013,base,stop-1.csv,stop,8,772.0,processed/segments/base/stop-1_seg013.npy,0.006078759678049845,0.009704512661048428,0.011757887083703325,6.817432985417897,7.758293120294302,10.05653323277988,0.2778816499607253,0.3172512768968383,0.40486707314243653
base_stop-1_seg014,base,stop-1.csv,stop,8,1219.0,processed/segments/base/stop-1_seg014.npy,0.05692821553585689,0.0353946916218771,0.04820065732482609,50.59174513909819,33.3475104889883,43.076781971950446,0.4082050322338251,0.26733470675780285,0.32446026100837205
base_stop-2_seg000,base,stop-2.csv,stop,8,227.0,processed/segments/base/stop-2_seg000.npy,0.031163744812277558,0.011956636768657495,0.04030378844528401,23.51964723020906,8.92187019435708,38.634541215967865,0.3438805832271532,0.13730505317189648,0.5188143636009503
base_stop-2_seg001,base,stop-2.csv,stop,8,470.0,processed/segments/base/stop-2_seg001.npy,0.021150472802125984,0.006878520622301898,0.02079557594069526,15.422833287142423,4.870676185369074,20.268761860141275,0.4077215700915197,0.1373600957594366,0.4549183341490437
base_stop-2_seg002,base,stop-2.csv,stop,8,1125.0,processed/segments/base/stop-2_seg002.npy,0.05534673914315122,0.025064673649253934,0.04386807857579396,44.66401100665844,26.6784376249396,43.982652358701365,0.415001861589797,0.20381469353293255,0.3811834448772704
base_stop-2_seg003,base,stop-2.csv,stop,8,1034.0,processed/segments/base/stop-2_seg003.npy,0.05974321191187618,0.02966709133939518,0.05392940141396223,51.31126121738235,30.651731149897927,53.20189009917179,0.4184852538064464,0.21311616217154525,0.3683985840220083
base_stop-2_seg004,base,stop-2.csv,stop,8,730.0,processed/segments/base/stop-2_seg004.npy,0.08371513355537455,0.03631564643676011,0.07854122716388107,67.44658999590243,36.05116624171385,72.9195093089693,0.4158587837285364,0.19135016350588674,0.3927910527655768
base_stop-2_seg005,base,stop-2.csv,stop,8,806.0,processed/segments/base/stop-2_seg005.npy,0.08170295969893622,0.04072500149684672,0.05972429184953148,68.17201349138882,42.89934264259281,61.743073811333396,0.44428944832986256,0.23033177311638728,0.3253787785537502
base_stop-2_seg006,base,stop-2.csv,stop,8,1448.0,processed/segments/base/stop-2_seg006.npy,0.05483958736405201,0.024038042878063347,0.04517967622149108,44.5768807704337,23.2135767199306,43.95476306035385,0.40977005309567155,0.2127310181016081,0.3774989288027203
base_stop-2_seg007,base,stop-2.csv,stop,8,289.0,processed/segments/base/stop-2_seg007.npy,0.036632018700874604,0.01200390504575269,0.01661638519964295,26.386123618828577,11.366927806509826,15.610469620915811,0.5423634595204013,0.19147054354844673,0.26616599693115195
base_stop-2_seg008,base,stop-2.csv,stop,8,430.0,processed/segments/base/stop-2_seg008.npy,0.0387427148784612,0.01505598443195384,0.016487042101611105,28.72295399622055,12.150559445505662,16.407137870947878,0.5254423157257003,0.2219587029901006,0.25259898128419916
base_stop-2_seg009,base,stop-2.csv,stop,8,425.0,processed/segments/base/stop-2_seg009.npy,0.07221035647787831,0.027093908592716664,0.026579479875527282,51.69721119984441,26.152742235755323,29.8045001267439,0.5372783905690115,0.23346909217713716,0.22925251725385137
base_stop-2_seg010,base,stop-2.csv,stop,8,666.0,processed/segments/base/stop-2_seg010.npy,0.06730456595565461,0.025291883686895916,0.03319179517647055,46.24627935120437,24.797511983886317,31.495749932247477,0.4956757619824884,0.20916133943668136,0.29516289858083017
base_wave-1_seg000,base,wave-1.csv,wave,9,668.0,processed/segments/base/wave-1_seg000.npy,0.02640728213088694,0.029535802612399336,0.07180893426207526,33.42056264950241,22.44811425587016,68.47994542257265,0.33280941223427307,0.20453916683130202,0.46265142093442496
base_wave-1_seg001,base,wave-1.csv,wave,9,814.0,processed/segments/base/wave-1_seg001.npy,0.03080035839938771,0.026168425296242182,0.05561300972056624,36.649611288435985,20.367073529066126,55.11140654198821,0.38856073927816837,0.2028119228486013,0.40862733787323036
base_wave-1_seg002,base,wave-1.csv,wave,9,227.0,processed/segments/base/wave-1_seg002.npy,0.008626617661002192,0.011348833940596948,0.05043281486659647,8.406678402063244,11.244613602430668,51.817857471962434,0.11579601393576154,0.14989519071960644,0.734308795344632
base_wave-1_seg003,base,wave-1.csv,wave,9,1285.0,processed/segments/base/wave-1_seg003.npy,0.033805047681238085,0.018619240816145088,0.0457959968210866,38.950050124300404,16.029376785003784,43.57456735998176,0.4252676034868709,0.17046448763145028,0.4042679088816789
base_wave-1_seg004,base,wave-1.csv,wave,9,390.0,processed/segments/base/wave-1_seg004.npy,0.012760588908669605,0.04428048842567087,0.07508128104698576,12.917839153482715,28.689877151225446,70.67381734473801,0.10100514528675184,0.3513302664572947,0.5476645882559534
base_wave-1_seg005,base,wave-1.csv,wave,9,1180.0,processed/segments/base/wave-1_seg005.npy,0.06003963259321722,0.01730013406745639,0.051222835844292575,78.51131608598062,15.749711849483417,46.79869555233695,0.582239240871537,0.10638726392372684,0.3113734952047362
base_wave-1_seg006,base,wave-1.csv,wave,9,950.0,processed/segments/base/wave-1_seg006.npy,0.04493110966418797,0.022192297721619847,0.05142785805210575,55.97390389542079,18.644104071287405,50.931750017955785,0.4717830383237915,0.16056417272532825,0.36765278895088027
base_wave-1_seg007,base,wave-1.csv,wave,9,624.0,processed/segments/base/wave-1_seg007.npy,0.05882350171800397,0.025838716723947188,0.05017607859070177,70.46152230338159,21.36519026341034,48.301851684497066,0.4856886751934517,0.18202269465351784,0.33228863015303056
base_wave-1_seg008,base,wave-1.csv,wave,9,286.0,processed/segments/base/wave-1_seg008.npy,0.010017076459317594,0.0354968628757252,0.08268229113087126,11.366279485845014,23.871523470271615,70.50649663034145,0.0850492827614391,0.27704220127669965,0.6379085159618613
base_wave-1_seg009,base,wave-1.csv,wave,9,358.0,processed/segments/base/wave-1_seg009.npy,0.021601777984479483,0.029700076678319566,0.06722790510808838,25.50114927014952,21.691850901762614,59.88589793211516,0.26557388128708015,0.22637074120932685,0.5080553775035931
base_wave-1_seg010,base,wave-1.csv,wave,9,1192.0,processed/segments/base/wave-1_seg010.npy,0.035948734078030044,0.019125304990832034,0.04945530021869772,42.18709463322969,16.73028776186576,44.383161791920365,0.4166339701436139,0.160160486048664,0.4232055438077221
base_wave-1_seg011,base,wave-1.csv,wave,9,911.0,processed/segments/base/wave-1_seg011.npy,0.045132334984010196,0.02342411712083798,0.05159194549966954,52.654013582947236,20.061285366747413,50.08885648682614,0.4583440868169669,0.17007657749906394,0.3715793356839691
base_wave-2_seg000,base,wave-2.csv,wave,9,952.0,processed/segments/base/wave-2_seg000.npy,0.07932678508201957,0.016515373091515413,0.03870531496223269,82.38174346426823,14.730992816573837,35.195020413095435,0.6686338451415026,0.08767074413714823,0.24369541072134931
base_wave-2_seg001,base,wave-2.csv,wave,9,652.0,processed/segments/base/wave-2_seg001.npy,0.08308671520317672,0.017344011254819425,0.04579840707693807,85.44140342560682,16.01592834779777,38.33301985045133,0.6311440916910583,0.09643492618231217,0.2724209821266294
base_wave-2_seg002,base,wave-2.csv,wave,9,866.0,processed/segments/base/wave-2_seg002.npy,0.1220340219665503,0.01866826611650456,0.03474330506789394,128.62414135620773,17.4326010927175,34.46512336309543,0.7358918584443133,0.08415336585642139,0.17995477569926538
base_wave-2_seg003,base,wave-2.csv,wave,9,194.0,processed/segments/base/wave-2_seg003.npy,0.039874444222677954,0.013561988749894834,0.026950565024861258,40.61255457857664,10.954438284644825,23.514702638313075,0.4716656729957916,0.15482068498599452,0.37351364201821385
base_wave-2_seg004,base,wave-2.csv,wave,9,2243.0,processed/segments/base/wave-2_seg004.npy,0.05845652930607933,0.013927718971669547,0.0376763284540119,63.95286734235322,11.831499126892297,36.468474851801545,0.6294694535078293,0.08994300792505652,0.2805875385671141
base_wave-2_seg005,base,wave-2.csv,wave,9,310.0,processed/segments/base/wave-2_seg005.npy,0.024672348130741015,0.013375307656078615,0.03303050751580746,18.60755872333056,9.797087729069684,30.84878897201106,0.31311775237621714,0.16859752417879215,0.5182847234449907
